date,detection_count,presumed_vegetation_fire_count,low_confidence_count,nominal_confidence_count,high_confidence_count,total_frp_mw,analysis_eligible_count,analysis_eligible_frp_mw,riau_eligible_count,riau_eligible_frp_mw,jambi_eligible_count,jambi_eligible_frp_mw,south_sumatra_eligible_count,south_sumatra_eligible_frp_mw,fire_centroid_lat,fire_centroid_lon,frp_weighted_centroid_lat,frp_weighted_centroid_lon,aod_055_mean,aod_055_median,aod_source_image_count,valid_pixel_count,penang_aerosol_index_mean,regional_aerosol_index_mean,s5p_ai_source_image_count,hourly_image_count,penang_u10_mps,penang_u850_mps,penang_v10_mps,penang_v850_mps,source_u10_mps,source_u850_mps,source_v10_mps,source_v850_mps,route_east_unit,route_north_unit,fire_centroid_to_penang_km,source_wind_speed10_mps,source_toward_penang10_mps,source_wind_speed850_mps,source_toward_penang850_mps,penang_wind_speed10_mps,penang_toward_penang10_mps,penang_wind_speed850_mps,penang_toward_penang850_mps,corridor_toward_penang10_mps,both_locations_toward_penang10,corridor_toward_penang850_mps,both_locations_toward_penang850,analysis_eligible_count_lag0,analysis_eligible_frp_mw_lag0,favorable_850_lag0,analysis_eligible_count_lag1,analysis_eligible_frp_mw_lag1,favorable_850_lag1,analysis_eligible_count_lag2,analysis_eligible_frp_mw_lag2,favorable_850_lag2,analysis_eligible_count_lag3,analysis_eligible_frp_mw_lag3,favorable_850_lag3
2019-08-01,581,573,24,549,8,5790.19,549,5106.88,404,3623.93,103,1160.57,42,322.38,-0.531038,102.607704,-0.542432,102.533568,,,71,0,-1.824059,-1.921405,14,24,-0.369724,3.059568,1.840911,3.130111,-0.908713,-1.771954,1.155165,3.405069,-0.357622,0.933867,708.668262,1.46975,1.403745,3.838531,3.81357,1.877672,1.851387,4.377048,1.828939,1.627566,True,2.821254,True,549,5106.88,True,,,,,,,,,
2019-08-02,654,646,3,628,23,4684.58,643,4412.56,508,3317.3,94,916.05,41,179.21,-0.236879,102.575861,-0.377051,102.918042,0.307958,0.309,71,24,-1.895982,-1.590562,14,24,-0.341299,2.706031,2.853406,2.557066,-1.281891,-2.824846,1.433311,3.493451,-0.369152,0.929369,676.863334,1.922921,1.805287,4.492656,4.289503,2.873745,2.777859,3.723062,1.377522,2.291573,True,2.833513,True,643,4412.56,True,549.0,5106.88,True,,,,,,
2019-08-03,383,370,2,367,14,1913.14,368,1855.0,233,1006.4,91,564.94,44,283.66,-0.604455,102.756254,-0.806566,102.933968,0.447594,0.413,68,32,-0.661099,-1.055329,15,24,0.297994,3.104737,2.004443,-0.858606,-1.355521,-2.395273,1.096182,2.330116,-0.373746,0.927531,722.320034,1.743288,1.523363,3.341672,3.056478,2.026473,1.74781,3.221272,-1.956766,1.635586,True,0.549856,False,368,1855.0,False,643.0,4412.56,True,549.0,5106.88,True,,,
2019-08-04,293,285,2,289,2,1143.83,283,1112.58,215,776.83,43,225.18,25,110.57,0.066429,102.293941,-0.249423,102.398743,,,70,0,-1.529304,-1.308685,14,24,0.394959,5.913982,2.500417,0.919547,-1.215504,0.316984,1.516515,3.313828,-0.344551,0.938767,634.120417,1.943519,1.842459,3.328954,3.001697,2.531419,2.211227,5.985044,-1.17443,2.026843,True,0.913633,False,283,1112.58,False,368.0,1855.0,False,643.0,4412.56,True,549.0,5106.88,True
2019-08-05,322,321,13,305,4,2293.87,308,2234.31,214,1547.12,46,306.4,48,380.79,-0.385121,102.403017,-0.289899,102.256705,,,70,0,-1.612962,-1.51665,14,24,-0.35292,3.32987,2.95969,2.113927,-0.989068,1.454823,1.605073,2.813179,-0.336467,0.941695,685.527676,1.885342,1.844278,3.167095,2.159658,2.980657,2.905872,3.944201,0.870284,2.375075,True,1.514971,True,308,2234.31,True,283.0,1112.58,False,368.0,1855.0,False,643.0,4412.56,True
2019-08-06,278,273,7,268,3,1486.75,266,1409.7,137,554.73,31,216.01,98,638.96,-0.960784,102.790084,-1.177926,102.94954,,,70,0,-1.931742,-1.912326,14,24,0.0853,2.339404,1.253458,-0.623624,-1.244895,1.303285,1.315957,1.709159,-0.359921,0.932983,760.615119,1.811493,1.675829,2.149367,1.125537,1.256357,1.138754,2.421098,-1.42383,1.407291,True,-0.149147,False,266,1409.7,False,308.0,2234.31,True,283.0,1112.58,False,368.0,1855.0,False
2019-08-07,214,211,1,209,4,1517.87,210,1509.75,141,906.33,35,378.43,34,224.99,-0.411622,102.565466,-0.73409,102.613791,,,71,0,-1.878469,-1.819761,14,24,0.114049,5.814591,-0.110805,-3.280051,-1.11449,0.603525,1.254003,1.002591,-0.358101,0.933683,694.570103,1.677681,1.569941,1.170227,0.719979,0.159012,-0.144298,6.675942,-5.144738,0.712822,False,-2.212379,False,210,1509.75,False,266.0,1409.7,False,308.0,2234.31,True,283.0,1112.58,False
2019-08-08,475,468,9,450,16,2222.56,459,2050.96,359,1778.87,83,254.25,17,17.84,-0.27774,102.488043,-0.144817,102.426207,0.277,0.277,72,1,-0.535573,-1.150438,14,24,0.645453,7.25219,0.991144,-3.204551,-1.023375,0.670512,1.429813,2.27993,-0.354358,0.93511,677.572297,1.758312,1.699673,2.376482,1.894383,1.182783,0.698107,7.928645,-5.566479,1.19889,True,-1.836048,False,459,2050.96,False,210.0,1509.75,False,266.0,1409.7,False,308.0,2234.31,True
2019-08-09,324,323,5,305,14,2004.51,318,1956.57,287,1894.58,18,36.08,13,25.91,-0.011179,102.304772,0.179317,102.093924,,,71,0,-0.572048,-0.822637,15,24,0.380803,7.475793,1.469799,0.22956,-0.87885,2.703193,1.478706,2.981049,-0.341863,0.93975,642.650733,1.720159,1.69006,4.024165,1.877319,1.518328,1.251061,7.479317,-2.339968,1.47056,True,-0.231325,False,318,1956.57,False,459.0,2050.96,False,210.0,1509.75,False,266.0,1409.7,False
2019-08-10,231,230,1,229,1,818.05,229,812.29,130,378.37,43,167.41,56,266.51,-1.098544,103.028633,-1.231628,103.067181,0.209667,0.219,68,3,-1.378503,-1.280191,14,24,-0.195856,9.734898,1.350745,0.482895,-1.147578,2.84395,1.056321,2.711293,-0.3827,0.923873,784.714501,1.559727,1.415084,3.92927,1.416511,1.36487,1.32287,9.746867,-3.27941,1.368977,True,-0.931449,False,229,812.29,False,318.0,1956.57,False,459.0,2050.96,False,210.0,1509.75,False
2019-08-11,515,512,18,483,14,4886.05,494,4491.68,416,4022.53,31,153.55,47,315.6,0.042245,102.105803,0.171007,101.983207,0.222874,0.223,71,15,-1.530914,-1.82621,14,24,-0.159138,2.123076,2.184507,1.774992,-1.245103,1.8868,1.432751,3.46162,-0.313714,0.949518,629.776352,1.898172,1.751029,3.94244,2.694954,2.190295,2.124151,2.767318,1.019348,1.93759,True,1.857151,True,494,4491.68,True,229.0,812.29,False,318.0,1956.57,False,459.0,2050.96,False
2019-08-12,632,631,1,622,9,3312.14,630,3304.35,540,2887.32,51,267.0,39,150.03,0.537357,101.883478,0.706354,101.69047,,,70,0,-1.984875,-1.977309,14,24,0.075446,0.784999,1.545338,1.388299,-1.309122,1.15049,1.121444,2.936147,-0.303332,0.952885,569.709791,1.723785,1.465705,3.153504,2.44883,1.547178,1.449644,1.594866,1.084774,1.457675,True,1.766802,True,630,3304.35,True,494.0,4491.68,True,229.0,812.29,False,318.0,1956.57,False
2019-08-13,641,637,3,620,18,4015.58,634,3960.29,470,1203.69,32,50.44,132,2706.16,-0.316299,102.690591,-1.151074,103.359224,,,71,0,-1.660704,-1.41464,14,24,0.597687,0.706334,0.55318,1.108843,-1.303148,0.104373,1.109141,2.206905,-0.380711,0.924694,689.846439,1.711253,1.521739,2.209371,2.000976,0.814394,0.283976,1.314702,0.756431,0.902857,True,1.378703,True,634,3960.29,True,630.0,3304.35,True,494.0,4491.68,True,229.0,812.29,False
2019-08-14,541,535,4,515,22,4957.15,531,4897.06,237,860.13,74,349.62,220,3687.31,-1.099383,103.167765,-1.55199,103.562852,,,69,0,-0.475449,-0.951669,15,24,0.616439,3.20901,-0.839754,-1.638921,-0.926547,-1.167053,0.950255,2.345043,-0.3993,0.91682,790.852597,1.327205,1.241183,2.619397,2.615987,1.041721,-1.016047,3.603305,-2.783954,0.112568,False,-0.083983,False,531,4897.06,False,634.0,3960.29,True,630.0,3304.35,True,494.0,4491.68,True
2019-08-15,440,436,3,415,22,6231.35,433,6124.04,130,601.87,70,318.69,233,5203.48,-1.524753,103.473035,-1.779168,103.773902,,,70,0,-0.593968,-1.29973,14,24,0.103258,6.851952,0.727685,-1.873344,-1.030894,-2.036052,0.810024,3.005228,-0.412524,0.910947,847.933019,1.311061,1.163157,3.63,3.577522,0.734974,0.620286,7.103426,-4.533109,0.891721,True,-0.477793,False,433,6124.04,False,531.0,4897.06,False,634.0,3960.29,True,630.0,3304.35,True
2019-08-16,664,661,26,593,45,8496.9,635,7639.05,199,1551.26,93,729.16,343,5358.63,-1.371276,103.48405,-1.546005,103.66723,0.141696,0.1334,72,214,-1.147939,-1.679553,14,24,0.124558,2.368641,1.710073,4.093774,-0.563024,-0.606242,1.189278,3.763552,-0.421417,0.906867,832.908138,1.315819,1.315785,3.812066,3.668522,1.714603,1.498317,4.729635,2.714323,1.407051,True,3.191422,True,635,7639.05,True,433.0,6124.04,False,531.0,4897.06,False,634.0,3960.29,True
2019-08-17,413,410,4,385,24,4318.15,406,3956.26,127,635.81,68,368.4,211,2952.05,-1.400654,103.261142,-1.772497,103.460448,0.220057,0.173577,71,307,-1.496518,-1.940651,14,24,-0.269313,-0.190769,1.184232,4.470514,-1.644211,-2.045733,1.101041,3.524201,-0.395033,0.918667,825.769453,1.978818,1.661007,4.074926,4.045699,1.214469,1.194303,4.474582,4.182274,1.427655,True,4.113987,True,406,3956.26,True,635.0,7639.05,True,433.0,6124.04,False,531.0,4897.06,False
2019-08-18,758,749,7,712,39,6119.0,742,5971.83,221,667.3,213,1514.9,308,3789.63,-1.385413,103.380832,-1.721373,103.793899,0.486243,0.485,71,37,-1.892092,-1.572839,14,24,-0.078997,-0.751554,0.723398,-0.154215,-1.844452,-4.314495,0.907438,2.465778,-0.409272,0.912412,829.570694,2.055589,1.58284,4.969399,4.015608,0.727699,0.692369,0.767213,0.166882,1.137604,True,2.091245,True,742,5971.83,True,406.0,3956.26,True,635.0,7639.05,True,433.0,6124.04,False
2019-08-19,722,717,7,660,55,5544.37,710,5405.14,407,3305.53,186,1160.7,117,938.91,-0.789045,102.813879,-0.769652,102.894528,0.365121,0.368672,68,271,-1.220125,-1.266432,15,24,-0.085933,1.199572,1.682284,0.200498,-1.413848,-2.0194,1.262997,3.0562,-0.371602,0.928392,743.783701,1.895818,1.697945,3.663104,3.587765,1.684477,1.593752,1.216212,-0.259623,1.645848,True,1.664071,False,710,5405.14,False,742.0,5971.83,True,406.0,3956.26,True,635.0,7639.05,True
2019-08-20,865,854,3,819,43,6370.86,851,6237.93,366,2576.55,295,2684.85,190,976.53,-0.994936,102.941105,-1.011199,102.864147,,,70,0,-1.839398,-1.438859,14,24,0.711777,1.641066,0.620453,1.274815,-1.908868,-2.832437,1.166599,2.389648,-0.377187,0.926137,770.342498,2.237125,1.800431,3.705822,3.2815,0.94424,0.306151,2.07804,0.561664,1.053291,True,1.921582,True,851,6237.93,True,710.0,5405.14,False,742.0,5971.83,True,406.0,3956.26,True
2019-08-21,749,740,22,722,5,4757.82,718,4616.14,403,2569.05,195,1328.54,120,718.55,-0.842239,102.809184,-0.85795,102.7342,,,70,0,-1.576797,-1.61086,14,24,0.123212,3.458606,0.996186,1.049212,-1.032428,-1.571604,0.849855,2.750156,-0.368277,0.929716,749.09393,1.337221,1.170343,3.167538,3.13565,1.003777,0.880794,3.61425,-0.298258,1.025569,True,1.418696,False,718,4616.14,False,851.0,6237.93,True,710.0,5405.14,False,742.0,5971.83,True
2019-08-22,758,754,29,714,15,4947.75,725,4224.47,285,1338.49,183,1021.74,257,1864.24,-1.422244,103.381715,-1.547909,103.500582,0.206143,0.199,70,82,-1.794482,-2.001203,14,24,0.12744,0.578608,-0.481705,0.077894,-1.450263,-3.903537,1.134763,3.847965,-0.407536,0.913189,833.354917,1.841453,1.627287,5.48128,5.104751,0.498278,-0.491825,0.583828,-0.164672,0.567731,False,2.47004,False,725,4224.47,False,718.0,4616.14,False,851.0,6237.93,True,710.0,5405.14,False
2019-08-23,1253,1241,12,1219,22,7745.78,1229,7505.83,727,3850.27,283,1789.15,219,1866.41,-0.801887,102.8586,-0.969471,103.011182,0.229073,0.1905,71,396,-1.6859,-1.791771,14,24,0.139497,-0.101548,0.524577,0.307605,-1.675794,-3.44226,0.827376,3.109212,-0.376677,0.926345,746.971048,1.868913,1.397668,4.638573,4.176823,0.542808,0.433394,0.323934,0.3232,0.915531,True,2.250011,True,1229,7505.83,True,725.0,4224.47,False,718.0,4616.14,False,851.0,6237.93,True
2019-08-24,536,533,6,490,40,4886.16,527,4770.54,375,2990.78,90,722.38,62,1057.38,-0.185262,102.615129,-0.563091,102.829219,,,72,0,-0.338221,-1.172333,14,24,0.58666,2.937286,0.967706,0.122114,-1.124126,-1.854093,0.961988,3.28572,-0.377661,0.925944,673.161609,1.479554,1.315286,3.772747,3.742612,1.131647,0.674483,2.939823,-0.996228,0.994884,True,1.373192,False,527,4770.54,False,1229.0,7505.83,True,725.0,4224.47,False,718.0,4616.14,False
2019-08-25,146,146,10,128,8,1299.15,136,1127.31,80,700.98,23,183.1,33,243.23,-0.819311,102.713465,-0.787458,102.667623,,,71,0,-0.640406,-0.885894,15,24,-0.941411,7.042524,0.062981,-2.058799,-0.668172,-0.671004,0.428519,1.396528,-0.357036,0.934091,742.853141,0.793778,0.638837,1.549366,1.544056,0.943515,0.394948,7.337288,-4.43754,0.516893,True,-1.446742,False,136,1127.31,False,527.0,4770.54,False,1229.0,7505.83,True,725.0,4224.47,False
2019-08-26,363,362,2,349,12,2309.27,360,2255.11,101,454.37,124,549.16,135,1251.58,-1.52728,103.749338,-1.843068,103.996449,,,68,0,-1.273247,-1.377399,14,24,0.119394,5.504324,-1.20418,-2.357975,-0.732244,-0.796311,0.217849,-0.555509,-0.441801,0.897113,861.322085,0.763963,0.518941,0.970928,-0.146544,1.210084,-1.133034,5.988124,-4.547186,-0.307046,False,-2.346865,False,360,2255.11,False,136.0,1127.31,False,527.0,4770.54,False,1229.0,7505.83,True
2019-08-27,58,57,6,51,1,387.61,51,357.71,33,229.34,0,0.0,18,128.37,-0.210829,102.522328,-0.182849,102.529499,,,71,0,-1.094421,-1.618777,14,24,0.54826,8.907114,-1.396869,-4.547863,-0.404263,-0.047314,0.412046,-1.087661,-0.362969,0.931801,671.984518,0.577243,0.530679,1.08869,-0.996311,1.50061,-1.500605,10.000987,-7.470712,-0.484963,False,-4.233511,False,51,357.71,False,360.0,2255.11,False,136.0,1127.31,False,527.0,4770.54,False
2019-08-28,9,9,0,8,1,64.39,9,64.39,9,64.39,0,0.0,0,0.0,-0.014306,102.322624,-0.116669,102.398031,,,70,0,-1.243961,-1.836227,14,24,0.141327,9.100039,0.601849,-2.949199,-0.381259,0.941208,1.016595,1.099818,-0.344412,0.938819,643.65895,1.085736,1.085708,1.447574,0.708366,0.61822,0.516352,9.566007,-5.902927,0.80103,True,-2.59728,False,9,64.39,False,51.0,357.71,False,360.0,2255.11,False,136.0,1127.31,False
2019-08-29,41,37,2,39,0,236.14,35,179.56,21,146.49,4,19.6,10,13.47,-0.773679,102.869556,0.108201,102.210447,,,71,0,-2.206766,-1.533626,14,24,0.084265,7.29009,1.871637,1.637111,-1.019762,-0.662632,1.654583,4.07651,-0.379548,0.925172,744.5237,1.943594,1.917822,4.130014,4.022973,1.873533,1.699603,7.471649,-1.252333,1.808713,True,1.38532,False,35,179.56,False,9.0,64.39,False,51.0,357.71,False,360.0,2255.11,False
2019-08-30,396,388,7,367,22,2295.45,381,2195.02,110,563.71,135,730.24,136,901.07,-1.166383,103.356923,-1.229946,103.405001,,,69,0,-0.66246,-1.007961,15,24,-0.295932,3.848331,2.191195,2.420464,-1.563534,-4.518676,1.676386,5.382387,-0.417776,0.90855,806.260872,2.292359,2.176288,7.027697,6.777964,2.211088,2.114443,4.54624,0.59137,2.145366,True,3.684667,True,381,2195.02,True,35.0,179.56,False,9.0,64.39,False,51.0,357.71,False
2019-08-31,938,926,11,883,44,9013.89,915,8652.9,458,3846.79,270,2953.35,187,1852.76,-0.371695,102.702675,-0.388759,102.884013,0.33254,0.332,70,203,-1.062343,-1.477967,14,24,-0.576659,0.456904,3.16359,3.461364,-1.618115,-3.659134,1.411263,4.282592,-0.37925,0.925294,696.063381,2.147082,1.919503,5.632926,5.350384,3.215717,3.14595,3.49139,3.0295,2.532727,True,4.189942,True,915,8652.9,True,381.0,2195.02,True,35.0,179.56,False,9.0,64.39,False
2019-09-01,1164,1156,62,1044,58,8595.63,1094,8035.16,482,4063.74,391,2632.69,221,1338.73,-0.711485,102.93269,-0.415813,102.686341,0.364682,0.374,72,51,-1.72105,-1.774457,14,24,0.472537,0.78146,0.559341,2.846752,-1.27697,-2.005905,1.110318,2.566489,-0.390907,0.92043,740.837378,1.692176,1.521147,3.257379,3.146396,0.732225,0.330116,2.952063,2.314757,0.925632,True,2.730577,True,1094,8035.16,True,915.0,8652.9,True,381.0,2195.02,True,35.0,179.56,False
2019-09-02,401,399,84,291,26,3981.93,315,2950.5,172,1606.06,113,1133.1,30,211.34,-0.278653,102.798598,-0.19566,102.707128,0.798702,0.801,71,36,-2.18904,-2.081591,14,24,0.220933,0.986181,0.698062,0.530428,-1.252312,-2.191366,0.885961,1.667686,-0.397648,0.917538,690.659417,1.534018,1.310882,2.753772,2.401558,0.73219,0.552645,1.11978,0.094535,0.931764,True,1.248047,True,315,2950.5,True,1094.0,8035.16,True,915.0,8652.9,True,381.0,2195.02,True
2019-09-03,565,559,5,537,23,3142.13,554,3040.65,141,742.4,299,1538.62,114,759.63,-1.272025,103.596702,-1.341318,103.619405,,,71,0,-1.296711,-1.688882,14,24,0.451004,2.920683,1.073581,2.384741,-1.096227,-1.768265,1.082253,2.503155,-0.438868,0.898552,828.319997,1.540449,1.453559,3.064726,3.025248,1.164466,0.766737,3.770594,0.861019,1.110148,True,1.943134,True,554,3040.65,True,315.0,2950.5,True,1094.0,8035.16,True,915.0,8652.9,True
2019-09-04,1016,1003,10,964,42,6414.04,993,6230.22,119,539.67,542,3978.24,332,1712.31,-1.545248,103.953079,-1.459282,103.990941,0.8105,0.811,68,8,-0.882047,-1.009509,15,24,-0.155505,1.849098,2.394442,1.733883,-1.047865,-2.0879,0.833287,2.598869,-0.461674,0.88705,873.348626,1.338801,1.222939,3.333683,3.269255,2.399486,2.195781,2.53486,0.684359,1.70936,True,1.976807,True,993,6230.22,True,554.0,3040.65,True,315.0,2950.5,True,1094.0,8035.16,True
2019-09-05,1491,1481,24,1372,95,13127.68,1457,12917.24,528,6244.32,544,4358.09,385,2314.83,-1.225227,103.450478,-0.965282,103.249308,,,70,0,-1.227991,-1.411338,14,24,0.095043,0.902024,1.825229,0.085025,-1.143301,-1.218772,0.996983,2.480452,-0.425245,0.905079,816.590778,1.516942,1.388531,2.763702,2.76328,1.827702,1.611559,0.906023,-0.306627,1.500045,True,1.228327,False,1457,12917.24,False,993.0,6230.22,True,554.0,3040.65,True,315.0,2950.5,True
2019-09-06,1037,1031,55,959,23,8001.34,978,7664.25,432,3228.61,292,2550.81,254,1884.83,-1.314053,103.344633,-1.335334,103.373861,0.395014,0.3855,70,72,-1.999861,-1.722701,14,24,0.286421,0.075175,1.208516,1.872644,-1.40993,-1.276369,1.107117,2.661139,-0.408794,0.912627,820.671513,1.792655,1.586756,2.951403,2.950398,1.241994,0.985838,1.874152,1.678294,1.286297,True,2.314346,True,978,7664.25,True,1457.0,12917.24,False,993.0,6230.22,True,554.0,3040.65,True
2019-09-07,977,973,230,709,38,11901.3,743,7142.87,311,1364.5,279,4783.34,153,995.03,-1.012975,103.278144,-1.288244,103.630907,0.985149,0.955,70,55,-2.250982,-1.958482,14,24,0.044794,0.034519,1.280214,3.064789,-1.54182,-1.742244,1.108235,2.972357,-0.416803,0.908997,787.077503,1.898787,1.650017,3.445333,3.428036,1.280998,1.14504,3.064984,2.771496,1.397529,True,3.099766,True,743,7142.87,True,978.0,7664.25,True,1457.0,12917.24,False,993.0,6230.22,True
2019-09-08,2389,2381,47,2228,114,29711.77,2334,27391.64,711,4764.68,989,15769.09,634,6857.87,-1.398323,103.623899,-1.487464,103.739987,0.740588,0.75975,71,80,-2.064728,-1.721896,14,24,0.169585,0.835166,0.786799,3.866925,-1.320607,-1.373782,1.146704,2.984637,-0.435196,0.900336,842.294364,1.748981,1.607142,3.285626,3.28504,0.804867,0.63458,3.956085,3.11807,1.120861,True,3.201555,True,2334,27391.64,True,743.0,7142.87,True,978.0,7664.25,True,1457.0,12917.24,False
2019-09-09,2089,2076,9,1952,128,14414.3,2067,14020.56,589,2448.71,795,6123.38,683,5448.47,-1.428846,103.611596,-1.52009,103.752149,,,71,0,-0.110263,-1.032938,14,24,0.273872,1.445394,1.180784,5.344347,-1.140251,-1.109335,0.788843,2.48757,-0.432307,0.901726,844.763692,1.386523,1.204259,2.723716,2.722681,1.212129,0.946347,5.536353,4.194283,1.075303,True,3.458482,True,2067,14020.56,True,2334.0,27391.64,True,743.0,7142.87,True,978.0,7664.25,True
2019-09-10,2331,2321,35,2132,164,18210.2,2286,17636.29,621,3499.58,903,8738.55,762,5398.16,-1.450864,103.579177,-1.441504,103.672517,0.763656,0.7835,69,96,-1.401977,-1.195986,15,24,-0.019834,0.625443,1.478093,6.20465,-1.334201,-3.399979,1.139987,4.064015,-0.427705,0.903918,845.426724,1.754896,1.601099,5.298686,5.127726,1.478226,1.344558,6.236093,5.340992,1.472829,True,5.234359,True,2286,17636.29,True,2067.0,14020.56,True,2334.0,27391.64,True,743.0,7142.87,True
2019-09-11,4991,4976,510,4233,248,56791.3,4467,48545.96,1241,10772.98,1812,24203.5,1414,13569.48,-1.513856,103.402233,-1.570844,103.516217,1.465182,1.44,63,264,-1.69901,-1.477947,14,24,-0.414243,-0.6666,0.438249,3.506481,-1.697721,-4.773159,0.922447,2.574542,-0.405302,0.914183,843.60452,1.93214,1.531374,5.42322,4.288171,0.603042,0.568534,3.569281,3.47574,1.049954,True,3.881955,True,4467,48545.96,True,2286.0,17636.29,True,2067.0,14020.56,True,2334.0,27391.64,True
2019-09-12,2735,2724,245,2381,109,21660.88,2479,19093.14,458,2144.36,843,8392.76,1178,8556.02,-1.926879,103.697531,-2.025313,103.830663,,,63,0,-1.906961,-1.387021,14,24,-0.106948,1.317358,-0.134738,0.731376,-1.262571,-2.344145,0.635351,1.664112,-0.4169,0.908952,899.042545,1.41342,1.10387,2.874767,2.489874,0.172024,-0.077884,1.506765,0.115579,0.512993,False,1.302726,True,2479,19093.14,True,4467.0,48545.96,True,2286.0,17636.29,True,2067.0,14020.56,True
2019-09-13,1391,1389,31,1318,42,16437.74,1358,15612.35,176,771.02,531,11014.19,651,3827.14,-2.087331,103.69153,-1.921533,103.945575,,,63,0,-1.554967,-1.327827,14,24,1.793898,4.492912,-0.653695,-0.890204,-0.679102,0.875771,0.65024,2.444574,-0.408899,0.91258,915.041253,0.940209,0.87108,2.596713,1.872768,1.909289,-1.330071,4.580253,-2.649527,-0.229495,False,-0.38838,False,1358,15612.35,False,2479.0,19093.14,True,4467.0,48545.96,True,2286.0,17636.29,True
2019-09-14,2804,2797,79,2517,208,29967.04,2719,24403.06,259,1214.39,1092,15475.77,1368,7712.9,-2.152655,104.005426,-2.000658,104.142264,,,57,0,-1.71618,-1.149808,14,24,0.563269,6.151399,-0.482518,0.983315,-0.608359,2.142576,1.043739,3.543319,-0.436876,0.899522,936.408474,1.208094,1.204643,4.140742,2.251255,0.741685,-0.680114,6.229495,-1.802882,0.262265,False,0.224186,False,2719,24403.06,False,1358.0,15612.35,False,2479.0,19093.14,True,4467.0,48545.96,True
2019-09-15,1262,1260,12,1219,31,6758.7,1248,6509.85,210,940.26,485,2092.13,553,3477.46,-1.54595,103.487755,-1.779778,103.768938,,,55,0,-0.500931,-0.505201,15,24,-0.161885,4.603085,-1.358111,-0.519922,-0.878263,0.498593,0.652605,1.363696,-0.413081,0.910694,850.75925,1.094184,0.957117,1.451986,1.035951,1.367726,-1.169953,4.632354,-2.374936,-0.106418,False,-0.669492,False,1248,6509.85,False,2719.0,24403.06,False,1358.0,15612.35,False,2479.0,19093.14,True
2019-09-16,1864,1857,44,1758,62,19075.25,1813,17910.18,447,2692.39,699,9758.11,667,5459.68,-1.469952,103.597876,-1.553062,103.786455,,,54,0,-1.199568,-0.91236,14,24,0.117459,3.373952,-1.53493,-0.895688,-1.146485,-1.556342,0.751506,1.111689,-0.428742,0.903427,848.238603,1.370835,1.170478,1.912604,1.671599,1.539418,-1.437056,3.490817,-2.255744,-0.133289,False,-0.292072,False,1813,17910.18,False,1248.0,6509.85,False,2719.0,24403.06,False,1358.0,15612.35,False
2019-09-17,2963,2956,68,2762,133,39526.84,2888,37616.02,488,2396.73,1419,27940.18,981,7279.11,-1.638823,103.712755,-1.695217,103.924805,,,52,0,-1.664256,-1.275364,14,24,0.030953,1.907712,-0.084611,0.507973,-1.499044,-2.300174,1.099076,3.060823,-0.432374,0.901694,870.716616,1.858791,1.639179,3.828765,3.754463,0.090095,-0.089676,1.974184,-0.366809,0.774751,False,1.693827,False,2888,37616.02,False,1813.0,17910.18,False,1248.0,6509.85,False,2719.0,24403.06,False
2019-09-18,1066,1066,217,796,53,14958.56,849,8204.43,343,1819.89,221,4106.42,285,2278.12,-1.300721,103.171692,-1.520758,103.531697,,,50,0,-1.135813,-1.450752,14,24,0.389876,0.022084,0.556016,4.337122,-1.757115,-3.019414,1.242928,4.511614,-0.389642,0.920966,811.628685,2.152284,1.829341,5.428768,5.331535,0.679086,0.36016,4.337178,3.985738,1.094751,True,4.658637,True,849,8204.43,True,2888.0,37616.02,False,1813.0,17910.18,False,1248.0,6509.85,False
2019-09-19,2748,2735,11,2641,96,36444.73,2724,35986.53,673,2029.45,1189,26297.45,862,7659.63,-1.353379,103.570046,-1.662836,103.955877,,,47,0,-1.669334,-1.107836,14,24,0.390451,0.548274,0.930538,4.467657,-1.730786,-2.481739,0.796559,3.367208,-0.43172,0.902008,835.186495,1.905289,1.465717,4.182956,4.108664,1.009135,0.670786,4.501174,3.793161,1.068252,True,3.950912,True,2724,35986.53,True,849.0,8204.43,True,2888.0,37616.02,False,1813.0,17910.18,False
2019-09-20,4111,4094,80,3690,341,54124.84,4014,48012.26,797,4058.35,1828,31405.96,1389,12547.95,-1.474678,103.720944,-1.620619,103.915414,,,40,0,-0.542237,-0.635831,15,24,-0.483377,1.119317,1.269995,4.489978,-1.624448,-2.790921,0.826521,2.996602,-0.441536,0.897243,854.670717,1.822627,1.458844,4.09498,3.920974,1.358875,1.352923,4.627394,3.534384,1.405883,True,3.727679,True,4014,48012.26,True,2724.0,35986.53,True,849.0,8204.43,True,2888.0,37616.02,False
2019-09-21,4524,4508,68,4097,359,50981.71,4440,48725.53,810,6236.61,1726,26172.17,1904,16316.75,-1.671622,103.813008,-1.685737,103.880859,,,38,0,-1.07647,-0.525491,14,24,-0.187602,-0.574135,1.200107,5.110223,-1.834299,-3.046934,1.159298,3.106812,-0.441056,0.897479,878.874082,2.169936,1.849475,4.351562,4.132169,1.214682,1.159814,5.142374,4.839546,1.504645,True,4.485858,True,4440,48725.53,True,4014.0,48012.26,True,2724.0,35986.53,True,849.0,8204.43,True
2019-09-22,4370,4367,228,3988,154,49543.08,4139,44250.98,954,8862.53,1449,19505.58,1736,15882.87,-1.577429,103.418772,-1.614775,103.533602,2.335975,2.3976,34,185,-1.122135,-0.253087,14,24,-0.613664,-2.644869,-0.765737,1.741381,-2.058612,-4.267411,0.747087,1.302863,-0.404033,0.914744,850.823308,2.189982,1.51514,4.461866,2.915961,0.981293,-0.452513,3.166661,2.661533,0.531314,False,2.788747,True,4139,44250.98,True,4440.0,48725.53,True,4014.0,48012.26,True,2724.0,35986.53,True
2019-09-23,1035,1033,37,907,91,7990.56,996,7040.72,264,2486.77,363,1859.9,369,2694.05,-1.052218,103.392689,-0.803156,103.162026,0.953269,0.9524,26,173,-1.83669,-0.916256,14,24,-0.038791,-4.146895,-0.179275,-0.029625,-1.845961,-6.629211,0.066412,-1.375268,-0.427918,0.903818,796.421109,1.847155,0.849944,6.770362,1.593767,0.183424,-0.145433,4.147001,1.747755,0.352256,False,1.670761,True,996,7040.72,True,4139.0,44250.98,True,4440.0,48725.53,True,4014.0,48012.26,True
2019-09-24,711,710,3,681,27,4781.69,707,4676.23,488,3848.69,146,592.4,73,235.14,0.599203,102.060625,0.870295,102.027685,0.421519,0.413664,40,402,-2.183553,-1.512337,14,24,0.126763,-6.344451,0.010524,-0.708655,-1.051316,-6.576787,0.505252,-1.037126,-0.338012,0.941142,569.503285,1.166424,0.830872,6.658059,1.246953,0.127199,-0.032943,6.383905,1.477559,0.398964,False,1.362256,True,707,4676.23,True,996.0,7040.72,True,4139.0,44250.98,True,4440.0,48725.53,True
2019-09-25,559,556,4,541,14,2758.44,552,2674.6,6,27.34,340,2043.93,206,603.33,-1.87878,104.043759,-1.774403,104.014021,0.278245,0.250206,45,373,-0.794441,-1.171929,15,24,-0.018062,-5.374357,0.986557,-1.161678,-0.721162,-6.402427,0.386411,2.434912,-0.453712,0.891148,910.995871,0.818162,0.67155,6.849808,5.074729,0.986722,0.887363,5.498473,1.403186,0.779457,True,3.238957,True,552,2674.6,True,707.0,4676.23,True,996.0,7040.72,True,4139.0,44250.98,True
2019-09-26,357,355,7,335,15,2779.91,348,2658.58,23,95.54,223,2305.68,102,257.36,-1.987771,104.102681,-1.653442,103.984596,0.390125,0.39,50,8,-0.931634,-1.089823,14,24,-0.20319,-3.283365,0.308844,0.173094,-0.814504,-5.478896,0.322629,2.291003,-0.454048,0.890977,924.788248,0.876074,0.657279,5.938602,4.528914,0.369691,0.367431,3.287925,1.645029,0.512355,True,3.086972,True,348,2658.58,True,552.0,2674.6,True,707.0,4676.23,True,996.0,7040.72,True
2019-09-27,439,436,6,412,21,2986.14,430,2868.7,13,64.78,242,1881.33,175,922.59,-2.121172,104.188595,-1.997818,104.15833,,,48,0,-1.099471,-1.440354,14,24,-0.038977,-3.179264,0.236181,-0.730311,-1.22272,-5.321505,0.300646,2.41247,-0.455738,0.890114,942.368311,1.259139,0.824849,5.842809,4.572584,0.239375,0.227991,3.262066,0.79885,0.52642,True,2.685717,True,430,2868.7,True,348.0,2658.58,True,552.0,2674.6,True,707.0,4676.23,True
2019-09-28,370,370,10,354,6,2747.18,360,2593.28,1,0.66,35,344.47,324,2248.15,-3.159881,104.939731,-3.080382,104.886884,0.167494,0.167,57,18,-1.308308,-1.776519,14,24,-0.466913,-1.284302,-0.627069,0.276847,-0.941597,-4.707393,0.43935,1.969243,-0.473553,0.880765,1083.653448,1.039054,0.83286,5.102692,3.963641,0.781808,-0.331193,1.313802,0.852022,0.250834,False,2.407832,True,360,2593.28,True,430.0,2868.7,True,348.0,2658.58,True,552.0,2674.6,True
2019-09-29,277,266,61,210,6,2219.14,205,1349.13,5,4.4,6,6.14,194,1338.59,-3.238701,104.920213,-3.424881,105.062745,0.144097,0.129333,54,481,-2.015327,-1.975342,14,24,0.001116,-1.419471,0.306636,-0.842931,-0.577629,-3.998266,0.296765,1.481204,-0.468649,0.883385,1090.372868,0.649403,0.532863,4.263812,3.182255,0.306638,0.270355,1.650888,-0.079399,0.401609,True,1.551428,False,205,1349.13,False,360.0,2593.28,True,430.0,2868.7,True,348.0,2658.58,True
2019-09-30,547,542,16,520,11,2784.86,526,2374.87,2,0.99,156,842.48,368,1531.4,-2.638426,104.579534,-2.399275,104.480193,,,63,0,-2.013291,-1.507781,14,24,-0.115063,0.462307,1.48282,2.412722,-0.923489,-4.063933,0.406311,3.528005,-0.466707,0.884412,1013.550139,1.008921,0.790345,5.38167,5.016875,1.487277,1.365124,2.456615,1.918079,1.077735,True,3.467477,True,526,2374.87,True,205.0,1349.13,False,360.0,2593.28,True,430.0,2868.7,True
